"","Block","Base_File","Repeated","Insert","Degredation","Image"
"1",1,"001a.jpg",1,NA,25,"001a.jpg"
"2",1,"002b.jpg",1,NA,75,"002b.jpg"
"3",1,"003b.jpg",1,NA,25,"003b.jpg"
"4",1,"004b.jpg",1,NA,50,"004b.jpg"
"5",1,"005a.jpg",1,NA,50,"005a.jpg"
"6",1,"006a.jpg",1,NA,25,"006a.jpg"
"7",1,"007b.jpg",1,NA,75,"007b.jpg"
"8",1,"008b.jpg",1,NA,75,"008b.jpg"
"9",1,"011b.jpg",1,NA,75,"011b.jpg"
"10",1,"012a.jpg",1,NA,0,"012a.jpg"
"11",1,"013b.jpg",1,NA,25,"013b.jpg"
"12",1,"014b.jpg",1,NA,75,"014b.jpg"
"13",1,"016a.jpg",1,NA,0,"016a.jpg"
"14",1,"017a.jpg",1,NA,0,"017a.jpg"
"15",1,"018b.jpg",1,NA,25,"018b.jpg"
"16",1,"019b.jpg",1,NA,0,"019b.jpg"
"17",1,"020b.jpg",1,NA,0,"020b.jpg"
"18",1,"021b.jpg",1,NA,75,"021b.jpg"
"19",1,"023a.jpg",1,NA,25,"023a.jpg"
"20",1,"027a.jpg",1,NA,0,"027a.jpg"
"21",1,"028a.jpg",1,NA,50,"028a.jpg"
"22",1,"029b.jpg",1,NA,50,"029b.jpg"
"23",1,"030b.jpg",1,NA,50,"030b.jpg"
"24",1,"032a.jpg",1,NA,75,"032a.jpg"
"25",1,"033a.jpg",1,NA,0,"033a.jpg"
"26",1,"034a.jpg",1,NA,0,"034a.jpg"
"27",1,"035a.jpg",1,NA,50,"035a.jpg"
"28",1,"039b.jpg",1,NA,50,"039b.jpg"
"29",1,"040a.jpg",1,NA,75,"040a.jpg"
"30",1,"041a.jpg",1,NA,50,"041a.jpg"
"31",1,"042a.jpg",1,NA,75,"042a.jpg"
"32",1,"045a.jpg",1,NA,0,"045a.jpg"
"33",1,"046b.jpg",1,NA,75,"046b.jpg"
"34",1,"047b.jpg",1,NA,50,"047b.jpg"
"35",1,"048b.jpg",1,NA,50,"048b.jpg"
"36",1,"049b.jpg",1,NA,25,"049b.jpg"
"37",1,"050a.jpg",1,NA,75,"050a.jpg"
"38",1,"051a.jpg",1,NA,25,"051a.jpg"
"39",1,"053b.jpg",1,NA,25,"053b.jpg"
"40",1,"054b.jpg",1,NA,75,"054b.jpg"
"41",1,"055b.jpg",1,NA,25,"055b.jpg"
"42",1,"057b.jpg",1,NA,50,"057b.jpg"
"43",1,"058b.jpg",1,NA,50,"058b.jpg"
"44",1,"059a.jpg",1,NA,25,"059a.jpg"
"45",1,"060a.jpg",1,NA,75,"060a.jpg"
"46",1,"061b.jpg",1,NA,75,"061b.jpg"
"47",1,"062b.jpg",1,NA,0,"062b.jpg"
"48",1,"063b.jpg",1,NA,25,"063b.jpg"
"49",1,"064b.jpg",1,NA,50,"064b.jpg"
"50",1,"065b.jpg",1,NA,25,"065b.jpg"
"51",1,"066a.jpg",1,NA,50,"066a.jpg"
"52",1,"067b.jpg",1,NA,50,"067b.jpg"
"53",1,"068b.jpg",1,NA,25,"068b.jpg"
"54",1,"070b.jpg",1,NA,25,"070b.jpg"
"55",1,"071a.jpg",1,NA,0,"071a.jpg"
"56",1,"073a.jpg",1,NA,50,"073a.jpg"
"57",1,"074b.jpg",1,NA,75,"074b.jpg"
"58",1,"076b.jpg",1,NA,0,"076b.jpg"
"59",1,"078a.jpg",1,NA,0,"078a.jpg"
"60",1,"079a.jpg",1,NA,25,"079a.jpg"
"61",1,"080b.jpg",1,NA,0,"080b.jpg"
"62",1,"081b.jpg",1,NA,0,"081b.jpg"
"63",1,"082a.jpg",1,NA,0,"082a.jpg"
"64",1,"083a.jpg",1,NA,0,"083a.jpg"
"65",1,"084a.jpg",1,NA,75,"084a.jpg"
"66",1,"085b.jpg",1,NA,25,"085b.jpg"
"67",1,"086a.jpg",1,NA,50,"086a.jpg"
"68",1,"087b.jpg",1,NA,25,"087b.jpg"
"69",1,"088b.jpg",1,NA,50,"088b.jpg"
"70",1,"089a.jpg",1,NA,50,"089a.jpg"
"71",1,"090a.jpg",1,NA,50,"090a.jpg"
"72",1,"091a.jpg",1,NA,75,"091a.jpg"
"73",1,"092b.jpg",1,NA,75,"092b.jpg"
"74",1,"093b.jpg",1,NA,25,"093b.jpg"
"75",1,"094a.jpg",1,NA,25,"094a.jpg"
"76",1,"096b.jpg",1,NA,75,"096b.jpg"
"77",1,"097a.jpg",1,NA,75,"097a.jpg"
"78",1,"098a.jpg",1,NA,0,"098a.jpg"
"79",1,"099a.jpg",1,NA,0,"099a.jpg"
"80",1,"100a.jpg",1,NA,0,"100a.jpg"
"81",1,"009a.jpg",0,4,0,"009a.jpg"
"82",1,"010a.jpg",0,2,0,"010a.jpg"
"83",1,"015a.jpg",0,2,0,"015a.jpg"
"84",1,"022b.jpg",0,4,0,"022b.jpg"
"85",1,"024b.jpg",0,3,0,"024b.jpg"
"86",1,"025a.jpg",0,1,0,"025a.jpg"
"87",1,"026a.jpg",0,3,0,"026a.jpg"
"88",1,"031b.jpg",0,3,0,"031b.jpg"
"89",1,"036a.jpg",0,1,0,"036a.jpg"
"90",1,"037a.jpg",0,2,0,"037a.jpg"
"91",1,"038a.jpg",0,1,0,"038a.jpg"
"92",1,"043a.jpg",0,4,0,"043a.jpg"
"93",1,"044a.jpg",0,2,0,"044a.jpg"
"94",1,"052a.jpg",0,1,0,"052a.jpg"
"95",1,"056a.jpg",0,4,0,"056a.jpg"
"96",1,"069a.jpg",0,4,0,"069a.jpg"
"97",1,"072b.jpg",0,2,0,"072b.jpg"
"98",1,"075b.jpg",0,1,0,"075b.jpg"
"99",1,"077a.jpg",0,3,0,"077a.jpg"
"100",1,"095a.jpg",0,3,0,"095a.jpg"
"101",2,"001a.jpg",1,NA,25,"001a_25_1.png"
"102",2,"002b.jpg",1,NA,75,"002b_75_1.png"
"103",2,"003b.jpg",1,NA,25,"003b_25_1.png"
"104",2,"004b.jpg",1,NA,50,"004b_50_1.png"
"105",2,"005a.jpg",1,NA,50,"005a_50_1.png"
"106",2,"006a.jpg",1,NA,25,"006a_25_1.png"
"107",2,"007b.jpg",1,NA,75,"007b_75_1.png"
"108",2,"008b.jpg",1,NA,75,"008b_75_1.png"
"109",2,"011b.jpg",1,NA,75,"011b_75_1.png"
"110",2,"012a.jpg",1,NA,0,"012a.jpg"
"111",2,"013b.jpg",1,NA,25,"013b_25_1.png"
"112",2,"014b.jpg",1,NA,75,"014b_75_1.png"
"113",2,"016a.jpg",1,NA,0,"016a.jpg"
"114",2,"017a.jpg",1,NA,0,"017a.jpg"
"115",2,"018b.jpg",1,NA,25,"018b_25_1.png"
"116",2,"019b.jpg",1,NA,0,"019b.jpg"
"117",2,"020b.jpg",1,NA,0,"020b.jpg"
"118",2,"021b.jpg",1,NA,75,"021b_75_1.png"
"119",2,"023a.jpg",1,NA,25,"023a_25_1.png"
"120",2,"027a.jpg",1,NA,0,"027a.jpg"
"121",2,"028a.jpg",1,NA,50,"028a_50_1.png"
"122",2,"029b.jpg",1,NA,50,"029b_50_1.png"
"123",2,"030b.jpg",1,NA,50,"030b_50_1.png"
"124",2,"032a.jpg",1,NA,75,"032a_75_1.png"
"125",2,"033a.jpg",1,NA,0,"033a.jpg"
"126",2,"034a.jpg",1,NA,0,"034a.jpg"
"127",2,"035a.jpg",1,NA,50,"035a_50_1.png"
"128",2,"039b.jpg",1,NA,50,"039b_50_1.png"
"129",2,"040a.jpg",1,NA,75,"040a_75_1.png"
"130",2,"041a.jpg",1,NA,50,"041a_50_1.png"
"131",2,"042a.jpg",1,NA,75,"042a_75_1.png"
"132",2,"045a.jpg",1,NA,0,"045a.jpg"
"133",2,"046b.jpg",1,NA,75,"046b_75_1.png"
"134",2,"047b.jpg",1,NA,50,"047b_50_1.png"
"135",2,"048b.jpg",1,NA,50,"048b_50_1.png"
"136",2,"049b.jpg",1,NA,25,"049b_25_1.png"
"137",2,"050a.jpg",1,NA,75,"050a_75_1.png"
"138",2,"051a.jpg",1,NA,25,"051a_25_1.png"
"139",2,"053b.jpg",1,NA,25,"053b_25_1.png"
"140",2,"054b.jpg",1,NA,75,"054b_75_1.png"
"141",2,"055b.jpg",1,NA,25,"055b_25_1.png"
"142",2,"057b.jpg",1,NA,50,"057b_50_1.png"
"143",2,"058b.jpg",1,NA,50,"058b_50_1.png"
"144",2,"059a.jpg",1,NA,25,"059a_25_1.png"
"145",2,"060a.jpg",1,NA,75,"060a_75_1.png"
"146",2,"061b.jpg",1,NA,75,"061b_75_1.png"
"147",2,"062b.jpg",1,NA,0,"062b.jpg"
"148",2,"063b.jpg",1,NA,25,"063b_25_1.png"
"149",2,"064b.jpg",1,NA,50,"064b_50_1.png"
"150",2,"065b.jpg",1,NA,25,"065b_25_1.png"
"151",2,"066a.jpg",1,NA,50,"066a_50_1.png"
"152",2,"067b.jpg",1,NA,50,"067b_50_1.png"
"153",2,"068b.jpg",1,NA,25,"068b_25_1.png"
"154",2,"070b.jpg",1,NA,25,"070b_25_1.png"
"155",2,"071a.jpg",1,NA,0,"071a.jpg"
"156",2,"073a.jpg",1,NA,50,"073a_50_1.png"
"157",2,"074b.jpg",1,NA,75,"074b_75_1.png"
"158",2,"076b.jpg",1,NA,0,"076b.jpg"
"159",2,"078a.jpg",1,NA,0,"078a.jpg"
"160",2,"079a.jpg",1,NA,25,"079a_25_1.png"
"161",2,"080b.jpg",1,NA,0,"080b.jpg"
"162",2,"081b.jpg",1,NA,0,"081b.jpg"
"163",2,"082a.jpg",1,NA,0,"082a.jpg"
"164",2,"083a.jpg",1,NA,0,"083a.jpg"
"165",2,"084a.jpg",1,NA,75,"084a_75_1.png"
"166",2,"085b.jpg",1,NA,25,"085b_25_1.png"
"167",2,"086a.jpg",1,NA,50,"086a_50_1.png"
"168",2,"087b.jpg",1,NA,25,"087b_25_1.png"
"169",2,"088b.jpg",1,NA,50,"088b_50_1.png"
"170",2,"089a.jpg",1,NA,50,"089a_50_1.png"
"171",2,"090a.jpg",1,NA,50,"090a_50_1.png"
"172",2,"091a.jpg",1,NA,75,"091a_75_1.png"
"173",2,"092b.jpg",1,NA,75,"092b_75_1.png"
"174",2,"093b.jpg",1,NA,25,"093b_25_1.png"
"175",2,"094a.jpg",1,NA,25,"094a_25_1.png"
"176",2,"096b.jpg",1,NA,75,"096b_75_1.png"
"177",2,"097a.jpg",1,NA,75,"097a_75_1.png"
"178",2,"098a.jpg",1,NA,0,"098a.jpg"
"179",2,"099a.jpg",1,NA,0,"099a.jpg"
"180",2,"100a.jpg",1,NA,0,"100a.jpg"
"181",2,"025a.jpg",0,1,0,"025a.jpg"
"182",2,"036a.jpg",0,1,0,"036a.jpg"
"183",2,"038a.jpg",0,1,0,"038a.jpg"
"184",2,"052a.jpg",0,1,0,"052a.jpg"
"185",2,"075b.jpg",0,1,0,"075b.jpg"
"186",3,"001a.jpg",1,NA,25,"001a_25_2.png"
"187",3,"002b.jpg",1,NA,75,"002b_75_2.png"
"188",3,"003b.jpg",1,NA,25,"003b_25_2.png"
"189",3,"004b.jpg",1,NA,50,"004b_50_2.png"
"190",3,"005a.jpg",1,NA,50,"005a_50_2.png"
"191",3,"006a.jpg",1,NA,25,"006a_25_2.png"
"192",3,"007b.jpg",1,NA,75,"007b_75_2.png"
"193",3,"008b.jpg",1,NA,75,"008b_75_2.png"
"194",3,"011b.jpg",1,NA,75,"011b_75_2.png"
"195",3,"012a.jpg",1,NA,0,"012a.jpg"
"196",3,"013b.jpg",1,NA,25,"013b_25_2.png"
"197",3,"014b.jpg",1,NA,75,"014b_75_2.png"
"198",3,"016a.jpg",1,NA,0,"016a.jpg"
"199",3,"017a.jpg",1,NA,0,"017a.jpg"
"200",3,"018b.jpg",1,NA,25,"018b_25_2.png"
"201",3,"019b.jpg",1,NA,0,"019b.jpg"
"202",3,"020b.jpg",1,NA,0,"020b.jpg"
"203",3,"021b.jpg",1,NA,75,"021b_75_2.png"
"204",3,"023a.jpg",1,NA,25,"023a_25_2.png"
"205",3,"027a.jpg",1,NA,0,"027a.jpg"
"206",3,"028a.jpg",1,NA,50,"028a_50_2.png"
"207",3,"029b.jpg",1,NA,50,"029b_50_2.png"
"208",3,"030b.jpg",1,NA,50,"030b_50_2.png"
"209",3,"032a.jpg",1,NA,75,"032a_75_2.png"
"210",3,"033a.jpg",1,NA,0,"033a.jpg"
"211",3,"034a.jpg",1,NA,0,"034a.jpg"
"212",3,"035a.jpg",1,NA,50,"035a_50_2.png"
"213",3,"039b.jpg",1,NA,50,"039b_50_2.png"
"214",3,"040a.jpg",1,NA,75,"040a_75_2.png"
"215",3,"041a.jpg",1,NA,50,"041a_50_2.png"
"216",3,"042a.jpg",1,NA,75,"042a_75_2.png"
"217",3,"045a.jpg",1,NA,0,"045a.jpg"
"218",3,"046b.jpg",1,NA,75,"046b_75_2.png"
"219",3,"047b.jpg",1,NA,50,"047b_50_2.png"
"220",3,"048b.jpg",1,NA,50,"048b_50_2.png"
"221",3,"049b.jpg",1,NA,25,"049b_25_2.png"
"222",3,"050a.jpg",1,NA,75,"050a_75_2.png"
"223",3,"051a.jpg",1,NA,25,"051a_25_2.png"
"224",3,"053b.jpg",1,NA,25,"053b_25_2.png"
"225",3,"054b.jpg",1,NA,75,"054b_75_2.png"
"226",3,"055b.jpg",1,NA,25,"055b_25_2.png"
"227",3,"057b.jpg",1,NA,50,"057b_50_2.png"
"228",3,"058b.jpg",1,NA,50,"058b_50_2.png"
"229",3,"059a.jpg",1,NA,25,"059a_25_2.png"
"230",3,"060a.jpg",1,NA,75,"060a_75_2.png"
"231",3,"061b.jpg",1,NA,75,"061b_75_2.png"
"232",3,"062b.jpg",1,NA,0,"062b.jpg"
"233",3,"063b.jpg",1,NA,25,"063b_25_2.png"
"234",3,"064b.jpg",1,NA,50,"064b_50_2.png"
"235",3,"065b.jpg",1,NA,25,"065b_25_2.png"
"236",3,"066a.jpg",1,NA,50,"066a_50_2.png"
"237",3,"067b.jpg",1,NA,50,"067b_50_2.png"
"238",3,"068b.jpg",1,NA,25,"068b_25_2.png"
"239",3,"070b.jpg",1,NA,25,"070b_25_2.png"
"240",3,"071a.jpg",1,NA,0,"071a.jpg"
"241",3,"073a.jpg",1,NA,50,"073a_50_2.png"
"242",3,"074b.jpg",1,NA,75,"074b_75_2.png"
"243",3,"076b.jpg",1,NA,0,"076b.jpg"
"244",3,"078a.jpg",1,NA,0,"078a.jpg"
"245",3,"079a.jpg",1,NA,25,"079a_25_2.png"
"246",3,"080b.jpg",1,NA,0,"080b.jpg"
"247",3,"081b.jpg",1,NA,0,"081b.jpg"
"248",3,"082a.jpg",1,NA,0,"082a.jpg"
"249",3,"083a.jpg",1,NA,0,"083a.jpg"
"250",3,"084a.jpg",1,NA,75,"084a_75_2.png"
"251",3,"085b.jpg",1,NA,25,"085b_25_2.png"
"252",3,"086a.jpg",1,NA,50,"086a_50_2.png"
"253",3,"087b.jpg",1,NA,25,"087b_25_2.png"
"254",3,"088b.jpg",1,NA,50,"088b_50_2.png"
"255",3,"089a.jpg",1,NA,50,"089a_50_2.png"
"256",3,"090a.jpg",1,NA,50,"090a_50_2.png"
"257",3,"091a.jpg",1,NA,75,"091a_75_2.png"
"258",3,"092b.jpg",1,NA,75,"092b_75_2.png"
"259",3,"093b.jpg",1,NA,25,"093b_25_2.png"
"260",3,"094a.jpg",1,NA,25,"094a_25_2.png"
"261",3,"096b.jpg",1,NA,75,"096b_75_2.png"
"262",3,"097a.jpg",1,NA,75,"097a_75_2.png"
"263",3,"098a.jpg",1,NA,0,"098a.jpg"
"264",3,"099a.jpg",1,NA,0,"099a.jpg"
"265",3,"100a.jpg",1,NA,0,"100a.jpg"
"266",3,"010a.jpg",0,2,0,"010a.jpg"
"267",3,"015a.jpg",0,2,0,"015a.jpg"
"268",3,"037a.jpg",0,2,0,"037a.jpg"
"269",3,"044a.jpg",0,2,0,"044a.jpg"
"270",3,"072b.jpg",0,2,0,"072b.jpg"
"271",4,"001a.jpg",1,NA,25,"001a_25_3.png"
"272",4,"002b.jpg",1,NA,75,"002b_75_3.png"
"273",4,"003b.jpg",1,NA,25,"003b_25_3.png"
"274",4,"004b.jpg",1,NA,50,"004b_50_3.png"
"275",4,"005a.jpg",1,NA,50,"005a_50_3.png"
"276",4,"006a.jpg",1,NA,25,"006a_25_3.png"
"277",4,"007b.jpg",1,NA,75,"007b_75_3.png"
"278",4,"008b.jpg",1,NA,75,"008b_75_3.png"
"279",4,"011b.jpg",1,NA,75,"011b_75_3.png"
"280",4,"012a.jpg",1,NA,0,"012a.jpg"
"281",4,"013b.jpg",1,NA,25,"013b_25_3.png"
"282",4,"014b.jpg",1,NA,75,"014b_75_3.png"
"283",4,"016a.jpg",1,NA,0,"016a.jpg"
"284",4,"017a.jpg",1,NA,0,"017a.jpg"
"285",4,"018b.jpg",1,NA,25,"018b_25_3.png"
"286",4,"019b.jpg",1,NA,0,"019b.jpg"
"287",4,"020b.jpg",1,NA,0,"020b.jpg"
"288",4,"021b.jpg",1,NA,75,"021b_75_3.png"
"289",4,"023a.jpg",1,NA,25,"023a_25_3.png"
"290",4,"027a.jpg",1,NA,0,"027a.jpg"
"291",4,"028a.jpg",1,NA,50,"028a_50_3.png"
"292",4,"029b.jpg",1,NA,50,"029b_50_3.png"
"293",4,"030b.jpg",1,NA,50,"030b_50_3.png"
"294",4,"032a.jpg",1,NA,75,"032a_75_3.png"
"295",4,"033a.jpg",1,NA,0,"033a.jpg"
"296",4,"034a.jpg",1,NA,0,"034a.jpg"
"297",4,"035a.jpg",1,NA,50,"035a_50_3.png"
"298",4,"039b.jpg",1,NA,50,"039b_50_3.png"
"299",4,"040a.jpg",1,NA,75,"040a_75_3.png"
"300",4,"041a.jpg",1,NA,50,"041a_50_3.png"
"301",4,"042a.jpg",1,NA,75,"042a_75_3.png"
"302",4,"045a.jpg",1,NA,0,"045a.jpg"
"303",4,"046b.jpg",1,NA,75,"046b_75_3.png"
"304",4,"047b.jpg",1,NA,50,"047b_50_3.png"
"305",4,"048b.jpg",1,NA,50,"048b_50_3.png"
"306",4,"049b.jpg",1,NA,25,"049b_25_3.png"
"307",4,"050a.jpg",1,NA,75,"050a_75_3.png"
"308",4,"051a.jpg",1,NA,25,"051a_25_3.png"
"309",4,"053b.jpg",1,NA,25,"053b_25_3.png"
"310",4,"054b.jpg",1,NA,75,"054b_75_3.png"
"311",4,"055b.jpg",1,NA,25,"055b_25_3.png"
"312",4,"057b.jpg",1,NA,50,"057b_50_3.png"
"313",4,"058b.jpg",1,NA,50,"058b_50_3.png"
"314",4,"059a.jpg",1,NA,25,"059a_25_3.png"
"315",4,"060a.jpg",1,NA,75,"060a_75_3.png"
"316",4,"061b.jpg",1,NA,75,"061b_75_3.png"
"317",4,"062b.jpg",1,NA,0,"062b.jpg"
"318",4,"063b.jpg",1,NA,25,"063b_25_3.png"
"319",4,"064b.jpg",1,NA,50,"064b_50_3.png"
"320",4,"065b.jpg",1,NA,25,"065b_25_3.png"
"321",4,"066a.jpg",1,NA,50,"066a_50_3.png"
"322",4,"067b.jpg",1,NA,50,"067b_50_3.png"
"323",4,"068b.jpg",1,NA,25,"068b_25_3.png"
"324",4,"070b.jpg",1,NA,25,"070b_25_3.png"
"325",4,"071a.jpg",1,NA,0,"071a.jpg"
"326",4,"073a.jpg",1,NA,50,"073a_50_3.png"
"327",4,"074b.jpg",1,NA,75,"074b_75_3.png"
"328",4,"076b.jpg",1,NA,0,"076b.jpg"
"329",4,"078a.jpg",1,NA,0,"078a.jpg"
"330",4,"079a.jpg",1,NA,25,"079a_25_3.png"
"331",4,"080b.jpg",1,NA,0,"080b.jpg"
"332",4,"081b.jpg",1,NA,0,"081b.jpg"
"333",4,"082a.jpg",1,NA,0,"082a.jpg"
"334",4,"083a.jpg",1,NA,0,"083a.jpg"
"335",4,"084a.jpg",1,NA,75,"084a_75_3.png"
"336",4,"085b.jpg",1,NA,25,"085b_25_3.png"
"337",4,"086a.jpg",1,NA,50,"086a_50_3.png"
"338",4,"087b.jpg",1,NA,25,"087b_25_3.png"
"339",4,"088b.jpg",1,NA,50,"088b_50_3.png"
"340",4,"089a.jpg",1,NA,50,"089a_50_3.png"
"341",4,"090a.jpg",1,NA,50,"090a_50_3.png"
"342",4,"091a.jpg",1,NA,75,"091a_75_3.png"
"343",4,"092b.jpg",1,NA,75,"092b_75_3.png"
"344",4,"093b.jpg",1,NA,25,"093b_25_3.png"
"345",4,"094a.jpg",1,NA,25,"094a_25_3.png"
"346",4,"096b.jpg",1,NA,75,"096b_75_3.png"
"347",4,"097a.jpg",1,NA,75,"097a_75_3.png"
"348",4,"098a.jpg",1,NA,0,"098a.jpg"
"349",4,"099a.jpg",1,NA,0,"099a.jpg"
"350",4,"100a.jpg",1,NA,0,"100a.jpg"
"351",4,"024b.jpg",0,3,0,"024b.jpg"
"352",4,"026a.jpg",0,3,0,"026a.jpg"
"353",4,"031b.jpg",0,3,0,"031b.jpg"
"354",4,"077a.jpg",0,3,0,"077a.jpg"
"355",4,"095a.jpg",0,3,0,"095a.jpg"
"356",5,"001a.jpg",1,NA,25,"001a_25_4.png"
"357",5,"002b.jpg",1,NA,75,"002b_75_4.png"
"358",5,"003b.jpg",1,NA,25,"003b_25_4.png"
"359",5,"004b.jpg",1,NA,50,"004b_50_4.png"
"360",5,"005a.jpg",1,NA,50,"005a_50_4.png"
"361",5,"006a.jpg",1,NA,25,"006a_25_4.png"
"362",5,"007b.jpg",1,NA,75,"007b_75_4.png"
"363",5,"008b.jpg",1,NA,75,"008b_75_4.png"
"364",5,"011b.jpg",1,NA,75,"011b_75_4.png"
"365",5,"012a.jpg",1,NA,0,"012a.jpg"
"366",5,"013b.jpg",1,NA,25,"013b_25_4.png"
"367",5,"014b.jpg",1,NA,75,"014b_75_4.png"
"368",5,"016a.jpg",1,NA,0,"016a.jpg"
"369",5,"017a.jpg",1,NA,0,"017a.jpg"
"370",5,"018b.jpg",1,NA,25,"018b_25_4.png"
"371",5,"019b.jpg",1,NA,0,"019b.jpg"
"372",5,"020b.jpg",1,NA,0,"020b.jpg"
"373",5,"021b.jpg",1,NA,75,"021b_75_4.png"
"374",5,"023a.jpg",1,NA,25,"023a_25_4.png"
"375",5,"027a.jpg",1,NA,0,"027a.jpg"
"376",5,"028a.jpg",1,NA,50,"028a_50_4.png"
"377",5,"029b.jpg",1,NA,50,"029b_50_4.png"
"378",5,"030b.jpg",1,NA,50,"030b_50_4.png"
"379",5,"032a.jpg",1,NA,75,"032a_75_4.png"
"380",5,"033a.jpg",1,NA,0,"033a.jpg"
"381",5,"034a.jpg",1,NA,0,"034a.jpg"
"382",5,"035a.jpg",1,NA,50,"035a_50_4.png"
"383",5,"039b.jpg",1,NA,50,"039b_50_4.png"
"384",5,"040a.jpg",1,NA,75,"040a_75_4.png"
"385",5,"041a.jpg",1,NA,50,"041a_50_4.png"
"386",5,"042a.jpg",1,NA,75,"042a_75_4.png"
"387",5,"045a.jpg",1,NA,0,"045a.jpg"
"388",5,"046b.jpg",1,NA,75,"046b_75_4.png"
"389",5,"047b.jpg",1,NA,50,"047b_50_4.png"
"390",5,"048b.jpg",1,NA,50,"048b_50_4.png"
"391",5,"049b.jpg",1,NA,25,"049b_25_4.png"
"392",5,"050a.jpg",1,NA,75,"050a_75_4.png"
"393",5,"051a.jpg",1,NA,25,"051a_25_4.png"
"394",5,"053b.jpg",1,NA,25,"053b_25_4.png"
"395",5,"054b.jpg",1,NA,75,"054b_75_4.png"
"396",5,"055b.jpg",1,NA,25,"055b_25_4.png"
"397",5,"057b.jpg",1,NA,50,"057b_50_4.png"
"398",5,"058b.jpg",1,NA,50,"058b_50_4.png"
"399",5,"059a.jpg",1,NA,25,"059a_25_4.png"
"400",5,"060a.jpg",1,NA,75,"060a_75_4.png"
"401",5,"061b.jpg",1,NA,75,"061b_75_4.png"
"402",5,"062b.jpg",1,NA,0,"062b.jpg"
"403",5,"063b.jpg",1,NA,25,"063b_25_4.png"
"404",5,"064b.jpg",1,NA,50,"064b_50_4.png"
"405",5,"065b.jpg",1,NA,25,"065b_25_4.png"
"406",5,"066a.jpg",1,NA,50,"066a_50_4.png"
"407",5,"067b.jpg",1,NA,50,"067b_50_4.png"
"408",5,"068b.jpg",1,NA,25,"068b_25_4.png"
"409",5,"070b.jpg",1,NA,25,"070b_25_4.png"
"410",5,"071a.jpg",1,NA,0,"071a.jpg"
"411",5,"073a.jpg",1,NA,50,"073a_50_4.png"
"412",5,"074b.jpg",1,NA,75,"074b_75_4.png"
"413",5,"076b.jpg",1,NA,0,"076b.jpg"
"414",5,"078a.jpg",1,NA,0,"078a.jpg"
"415",5,"079a.jpg",1,NA,25,"079a_25_4.png"
"416",5,"080b.jpg",1,NA,0,"080b.jpg"
"417",5,"081b.jpg",1,NA,0,"081b.jpg"
"418",5,"082a.jpg",1,NA,0,"082a.jpg"
"419",5,"083a.jpg",1,NA,0,"083a.jpg"
"420",5,"084a.jpg",1,NA,75,"084a_75_4.png"
"421",5,"085b.jpg",1,NA,25,"085b_25_4.png"
"422",5,"086a.jpg",1,NA,50,"086a_50_4.png"
"423",5,"087b.jpg",1,NA,25,"087b_25_4.png"
"424",5,"088b.jpg",1,NA,50,"088b_50_4.png"
"425",5,"089a.jpg",1,NA,50,"089a_50_4.png"
"426",5,"090a.jpg",1,NA,50,"090a_50_4.png"
"427",5,"091a.jpg",1,NA,75,"091a_75_4.png"
"428",5,"092b.jpg",1,NA,75,"092b_75_4.png"
"429",5,"093b.jpg",1,NA,25,"093b_25_4.png"
"430",5,"094a.jpg",1,NA,25,"094a_25_4.png"
"431",5,"096b.jpg",1,NA,75,"096b_75_4.png"
"432",5,"097a.jpg",1,NA,75,"097a_75_4.png"
"433",5,"098a.jpg",1,NA,0,"098a.jpg"
"434",5,"099a.jpg",1,NA,0,"099a.jpg"
"435",5,"100a.jpg",1,NA,0,"100a.jpg"
"436",5,"009a.jpg",0,4,0,"009a.jpg"
"437",5,"022b.jpg",0,4,0,"022b.jpg"
"438",5,"043a.jpg",0,4,0,"043a.jpg"
"439",5,"056a.jpg",0,4,0,"056a.jpg"
"440",5,"069a.jpg",0,4,0,"069a.jpg"
